bias_brute;rmse;bias_rel;relative_rmse;bias_out_20percent;nb_out_20percent;n;R2;val;Combination
-0.004906998;4.18749481;0.233440374;0.63545492;0.436781609;1444;3306;0.723805822;CV10F;C0_C05xgb
-0.019597129;3.701491489;0.210433311;0.613300757;0.401268116;443;1104;0.740589937;Test;C0_C05xgb
4.875476464;8.289272111;1.034063038;1.699933707;0.772727273;17;22;0.53563051;Moreira et al. (2023);C0_C05xgb
7.417737365;8.201495748;1.394049046;1.620627659;0.969387755;4275;4410;0.771896215;Arab-Alameddine et al. (2012);C0_C05xgb
-0.002436454;4.190898457;0.219359409;0.617681453;0.433454325;1433;3306;0.723328119;CV10F;C0_C05rf
0.007101963;3.683871606;0.202182729;0.598080116;0.407608696;450;1104;0.742531379;Test;C0_C05rf
5.57436589;9.303386392;1.240970274;2.078227261;0.772727273;17;22;0.428456866;Moreira et al. (2023);C0_C05rf
7.473690272;8.278384399;1.435985023;1.694114704;0.964852608;4255;4410;0.738488641;Arab-Alameddine et al. (2012);C0_C05rf
-0.636567807;5.185807337;0.353095759;0.957474953;0.449183303;1485;3306;0.586704526;CV10F;C0_C05svm
-0.891308814;4.495862289;0.313162514;0.929841588;0.424818841;469;1104;0.639171946;Test;C0_C05svm
6.943261598;17.03820161;1.700054642;3.765820873;0.545454545;12;22;0.078363592;Moreira et al. (2023);C0_C05svm
4.558366505;6.446070611;0.795621881;0.98109879;0.845578231;3729;4410;0.769069589;Arab-Alameddine et al. (2012);C0_C05svm
0.003122523;5.035127016;0.628511682;1.347860014;0.555656382;1837;3306;0.600583668;CV10F;C0_C05glmnet
-0.206976173;4.52173304;0.588258752;1.320119533;0.518115942;572;1104;0.622443439;Test;C0_C05glmnet
6.093997447;13.95135787;1.517102411;3.153843655;0.681818182;15;22;0.119786796;Moreira et al. (2023);C0_C05glmnet
4.164073299;5.394782701;0.81436552;1.015758879;0.86553288;3817;4410;0.804507396;Arab-Alameddine et al. (2012);C0_C05glmnet
-0.071241284;3.238834296;0.150349004;0.465623806;0.387174834;1280;3306;0.835500641;CV10F;C0_C1xgb
-0.1633693;2.903916066;0.121549754;0.428917348;0.358695652;396;1104;0.841589681;Test;C0_C1xgb
4.54202975;8.551979854;0.961484736;1.759677089;0.681818182;15;22;0.555631831;Moreira et al. (2023);C0_C1xgb
4.566937151;5.229269499;0.830373132;0.956995342;0.90521542;3992;4410;0.862297792;Arab-Alameddine et al. (2012);C0_C1xgb
-0.012732812;3.249236394;0.111867977;0.39247662;0.346944949;1147;3306;0.833673848;CV10F;C0_C1rf
-0.048742163;2.916385492;0.097695482;0.389379696;0.336050725;371;1104;0.838714627;Test;C0_C1rf
4.734167819;9.496377354;0.96371775;1.861478775;0.727272727;16;22;0.459341748;Moreira et al. (2023);C0_C1rf
5.171571797;5.972201951;0.943557831;1.099876436;0.907256236;4001;4410;0.812627398;Arab-Alameddine et al. (2012);C0_C1rf
-0.206232202;3.841331125;0.311562707;0.758804894;0.463399879;1532;3306;0.768284499;CV10F;C0_C1svm
-0.443474952;3.470860813;0.278603127;0.732954908;0.434782609;480;1104;0.786199531;Test;C0_C1svm
5.846545053;14.30864755;1.341511523;3.054462021;0.636363636;14;22;0.166062265;Moreira et al. (2023);C0_C1svm
2.906615456;4.337177548;0.532906863;0.686170709;0.742857143;3276;4410;0.827119591;Arab-Alameddine et al. (2012);C0_C1svm
0.001462437;3.77339451;0.362364656;0.813082379;0.510889292;1689;3306;0.775691233;CV10F;C0_C1glmnet
-0.23497233;3.509837076;0.329212802;0.788844109;0.47826087;528;1104;0.772916128;Test;C0_C1glmnet
5.19960777;12.64562215;1.175241415;2.661347432;0.636363636;14;22;0.221953993;Moreira et al. (2023);C0_C1glmnet
2.406426783;3.489107671;0.472823025;0.615620455;0.722902494;3188;4410;0.866278254;Arab-Alameddine et al. (2012);C0_C1glmnet
-0.008801881;1.847193236;0.030738808;0.200935052;0.156987296;519;3306;0.946245698;CV10F;C0_C2xgb
-0.074200451;1.762374532;0.017553612;0.182814187;0.135869565;150;1104;0.941168696;Test;C0_C2xgb
4.002134356;8.058326295;0.801179387;1.567883162;0.681818182;15;22;0.469254356;Moreira et al. (2023);C0_C2xgb
1.770263757;2.770508476;0.293144895;0.391828791;0.606122449;2673;4410;0.899267119;Arab-Alameddine et al. (2012);C0_C2xgb
-0.016293583;1.937170308;0.03165455;0.183482907;0.153962492;509;3306;0.940908253;CV10F;C0_C2rf
-0.072162898;1.733145612;0.022621748;0.176647723;0.14673913;162;1104;0.94310123;Test;C0_C2rf
3.088538921;6.297531909;0.569639082;1.092699443;0.636363636;14;22;0.635937994;Moreira et al. (2023);C0_C2rf
1.859233948;2.729134388;0.326482746;0.426643958;0.650340136;2868;4410;0.902913423;Arab-Alameddine et al. (2012);C0_C2rf
0.057029144;1.974650486;0.156482713;0.358911653;0.336358137;1112;3306;0.939234979;CV10F;C0_C2svm
-0.087988966;1.878214799;0.142875394;0.350137595;0.332427536;367;1104;0.937040976;Test;C0_C2svm
4.154854805;9.833098619;0.895265812;2.014149077;0.681818182;15;22;0.287978201;Moreira et al. (2023);C0_C2svm
0.80194211;1.908751839;0.172478292;0.284057909;0.40430839;1783;4410;0.91817386;Arab-Alameddine et al. (2012);C0_C2svm
0.000892842;1.958681383;0.10610118;0.283771298;0.281306715;930;3306;0.939590549;CV10F;C0_C2glmnet
-0.142411521;1.869466313;0.093246624;0.275965371;0.281702899;311;1104;0.935625586;Test;C0_C2glmnet
3.996417818;9.639550151;0.843505201;1.942588911;0.681818182;15;22;0.305670438;Moreira et al. (2023);C0_C2glmnet
0.610532877;1.745575999;0.128885952;0.237660896;0.332879819;1468;4410;0.926736291;Arab-Alameddine et al. (2012);C0_C2glmnet
-0.006811009;2.003694417;0.05967398;0.24549912;0.252268603;834;3306;0.936754931;CV10F;C0_C3xgb
0.162615165;1.860262878;0.070571867;0.242401743;0.276268116;305;1104;0.937304614;Test;C0_C3xgb
1.806618545;5.009011488;0.493278596;1.134034608;0.454545455;10;22;0.430737031;Moreira et al. (2023);C0_C3xgb
0.444981822;1.7032299;0.079132227;0.202283945;0.240589569;1061;4410;0.924150438;Arab-Alameddine et al. (2012);C0_C3xgb
-0.015020528;2.05895902;0.057867374;0.235545612;0.260133091;860;3306;0.933551002;CV10F;C0_C3rf
0.165387591;1.844474648;0.065622825;0.2279145;0.27173913;300;1104;0.93752138;Test;C0_C3rf
1.830639174;4.697067958;0.467553533;0.992304884;0.454545455;10;22;0.500123705;Moreira et al. (2023);C0_C3rf
0.497648095;1.597592819;0.116283031;0.227024008;0.329478458;1453;4410;0.930732711;Arab-Alameddine et al. (2012);C0_C3rf
-0.109130877;1.971986137;0.088001321;0.277411153;0.289171204;956;3306;0.939258079;CV10F;C0_C3svm
0.006067929;1.822933951;0.095393812;0.274786617;0.291666667;322;1104;0.937138919;Test;C0_C3svm
2.015795228;6.797347872;0.560553963;1.439742407;0.454545455;10;22;0.225716933;Moreira et al. (2023);C0_C3svm
0.162267004;1.541225201;0.067951034;0.191708642;0.215646259;951;4410;0.929553799;Arab-Alameddine et al. (2012);C0_C3svm
0.001235253;1.965907241;0.105703273;0.288427831;0.311554749;1030;3306;0.939134847;CV10F;C0_C3glmnet
0.118943988;1.842508043;0.114473046;0.288291163;0.325181159;359;1104;0.936686346;Test;C0_C3glmnet
1.99023816;6.609188963;0.549083986;1.394164125;0.454545455;10;22;0.240020629;Moreira et al. (2023);C0_C3glmnet
0.155007321;1.476834556;0.068238644;0.186970621;0.207482993;915;4410;0.93506885;Arab-Alameddine et al. (2012);C0_C3glmnet
-0.002358648;3.025357353;0.133876369;0.405656892;0.399879008;1322;3306;0.855802386;CV10F;C0_C4xgb
0.198799726;2.82025823;0.140646701;0.390293274;0.391304348;432;1104;0.854455468;Test;C0_C4xgb
1.034965424;3.711061988;0.41742476;0.861364701;0.590909091;13;22;0.444044846;Moreira et al. (2023);C0_C4xgb
0.76827484;2.057843106;0.18617046;0.310500968;0.497278912;2193;4410;0.890424792;Arab-Alameddine et al. (2012);C0_C4xgb
-0.004987168;3.094203242;0.126529886;0.396185082;0.387779794;1282;3306;0.849323382;CV10F;C0_C4rf
0.192962394;2.789567123;0.130652097;0.373951559;0.389492754;430;1104;0.855524346;Test;C0_C4rf
0.820194464;4.018548196;0.408727339;0.852015655;0.590909091;13;22;0.332661616;Moreira et al. (2023);C0_C4rf
0.522782812;1.898992348;0.144119529;0.265429064;0.37324263;1646;4410;0.899785671;Arab-Alameddine et al. (2012);C0_C4rf
-0.1375581;3.175154681;0.280474259;0.664088219;0.457652753;1513;3306;0.843352627;CV10F;C0_C4svm
-0.003667381;2.811606103;0.284464911;0.658126999;0.472826087;522;1104;0.850587471;Test;C0_C4svm
0.96790097;4.716663973;0.468022337;1.016908631;0.545454545;12;22;0.207943705;Moreira et al. (2023);C0_C4svm
0.284738867;1.893185171;0.167069918;0.334543821;0.386394558;1704;4410;0.89858407;Arab-Alameddine et al. (2012);C0_C4svm
0.002661988;3.159406825;0.271545547;0.625553262;0.466727163;1543;3306;0.842745984;CV10F;C0_C4glmnet
0.1388727;2.813456675;0.276601514;0.619433409;0.483695652;534;1104;0.850469181;Test;C0_C4glmnet
1.041063869;4.699265393;0.468791419;1.00349494;0.545454545;12;22;0.21955281;Moreira et al. (2023);C0_C4glmnet
0.376811527;1.861298822;0.168050312;0.32131685;0.392970522;1733;4410;0.901146757;Arab-Alameddine et al. (2012);C0_C4glmnet
0.004859887;4.594801669;0.308176528;0.788377462;0.442528736;1463;3306;0.66751029;CV10F;C0_C6xgb
0.209174416;4.103048732;0.299213501;0.733955697;0.444746377;491;1104;0.685392837;Test;C0_C6xgb
1.915077107;5.732675384;0.672656812;1.25702263;0.545454545;12;22;0.149382788;Moreira et al. (2023);C0_C6xgb
3.621866358;4.816714599;0.807791981;1.049600389;0.811791383;3580;4410;0.708435511;Arab-Alameddine et al. (2012);C0_C6xgb
0.00483543;4.656413419;0.274691312;0.761131441;0.413490623;1367;3306;0.658632405;CV10F;C0_C6rf
0.212383495;4.12011267;0.265858692;0.708768138;0.420289855;464;1104;0.683326316;Test;C0_C6rf
1.301133684;6.377301848;0.515294634;1.028610239;0.636363636;14;22;0.072240931;Moreira et al. (2023);C0_C6rf
3.479070913;4.766396643;0.721507553;0.926410879;0.814739229;3593;4410;0.717706786;Arab-Alameddine et al. (2012);C0_C6rf
-0.754583607;4.947907036;0.363658048;0.984468182;0.454325469;1502;3306;0.623435419;CV10F;C0_C6svm
-0.559523712;4.4010787;0.362581315;0.96674495;0.454710145;502;1104;0.638369266;Test;C0_C6svm
-0.392094774;6.057783963;0.187043546;0.707073876;0.454545455;10;22;0.057945289;Moreira et al. (2023);C0_C6svm
1.007744539;2.72798759;0.330585553;0.547033301;0.601587302;2653;4410;0.806844775;Arab-Alameddine et al. (2012);C0_C6svm
0.002425212;4.895899045;0.616865329;1.322988475;0.545674531;1804;3306;0.622367007;CV10F;C0_C6glmnet
0.180389585;4.365891186;0.612222376;1.302218696;0.533514493;589;1104;0.638974883;Test;C0_C6glmnet
0.484826286;5.996770805;0.384417855;0.861057413;0.454545455;10;22;0.062137532;Moreira et al. (2023);C0_C6glmnet
1.845251217;3.153764076;0.504104514;0.739823031;0.728344671;3212;4410;0.805014086;Arab-Alameddine et al. (2012);C0_C6glmnet
-0.006656677;5.271239839;0.454430364;1.105729735;0.485178463;1604;3306;0.562309537;CV10F;C0_C8xgb
0.115104748;4.706463463;0.426989124;1.024415281;0.473731884;523;1104;0.580525297;Test;C0_C8xgb
4.380824344;6.743133402;1.471804119;2.476991963;0.772727273;17;22;0.079425724;Moreira et al. (2023);C0_C8xgb
6.573289132;7.899701811;1.399549782;1.776622481;0.86893424;3832;4410;0.542904308;Arab-Alameddine et al. (2012);C0_C8xgb
-0.004425573;5.348577969;0.365338336;1.023710847;0.436176649;1442;3306;0.550203009;CV10F;C0_C8rf
0.195555072;4.685905379;0.355135847;0.946657863;0.441123188;487;1104;0.587045608;Test;C0_C8rf
1.997545629;5.863353827;0.902486631;1.582468751;0.681818182;15;22;0.019040159;Moreira et al. (2023);C0_C8rf
6.358767734;7.834208829;1.369479449;1.747659504;0.857823129;3783;4410;0.497749602;Arab-Alameddine et al. (2012);C0_C8rf
-0.916395945;6.048633983;0.464848198;1.243573925;0.457955233;1514;3306;0.447920353;CV10F;C0_C8svm
-0.893792349;5.293896985;0.444955745;1.20969195;0.445652174;492;1104;0.483925846;Test;C0_C8svm
0.386106904;6.363413697;0.512585263;1.134478755;0.5;11;22;0.008689067;Moreira et al. (2023);C0_C8svm
3.248554291;5.192112752;0.686553678;0.932148704;0.791836735;3492;4410;0.686418089;Arab-Alameddine et al. (2012);C0_C8svm
0.002647846;5.877701171;0.883778631;1.863172709;0.565033273;1868;3306;0.455737866;CV10F;C0_C8glmnet
0.099928589;5.257005798;0.866056009;1.83197238;0.56884058;628;1104;0.47686198;Test;C0_C8glmnet
-0.287004196;7.411776442;0.407827657;1.231025313;0.5;11;22;0.000131289;Moreira et al. (2023);C0_C8glmnet
3.211334248;4.597139286;0.797972491;1.107664037;0.809977324;3572;4410;0.706498005;Arab-Alameddine et al. (2012);C0_C8glmnet
-0.008023499;5.455162291;0.484814058;1.184799111;0.49969752;1652;3306;0.531181309;CV10F;C0_C12xgb
0.076124341;4.765477547;0.45318222;1.092676215;0.484601449;535;1104;0.569138209;Test;C0_C12xgb
4.509346654;7.165930386;1.710508639;2.946925602;0.727272727;16;22;0.006046521;Moreira et al. (2023);C0_C12xgb
7.709258321;9.320441554;1.657380175;2.13830698;0.88276644;3893;4410;0.411991409;Arab-Alameddine et al. (2012);C0_C12xgb
-0.007855767;5.64939229;0.423422422;1.174506691;0.476104053;1574;3306;0.498883243;CV10F;C0_C12rf
0.1434847;4.872711748;0.390248107;1.044953977;0.461050725;509;1104;0.552499517;Test;C0_C12rf
7.881772847;9.707576304;2.529055022;4.114084532;0.818181818;18;22;0.015103695;Moreira et al. (2023);C0_C12rf
7.853283332;9.641323994;1.700350266;2.227577551;0.881632653;3888;4410;0.365095066;Arab-Alameddine et al. (2012);C0_C12rf
-1.38008827;6.597616158;0.502402963;1.405923261;0.447973382;1481;3306;0.349497913;CV10F;C0_C12svm
-1.474936155;5.751319366;0.468744573;1.362606202;0.421195652;465;1104;0.43269357;Test;C0_C12svm
2.875112685;9.630339972;1.212712752;2.533351422;0.454545455;10;22;0.002786605;Moreira et al. (2023);C0_C12svm
4.208546997;7.269337211;0.856707165;1.193486504;0.754421769;3327;4410;0.538414415;Arab-Alameddine et al. (2012);C0_C12svm
0.003091237;6.426974444;1.04934224;2.199290352;0.574107683;1898;3306;0.349333158;CV10F;C0_C12glmnet
-0.0667981;5.64836671;1.018206079;2.163400591;0.574275362;634;1104;0.432690558;Test;C0_C12glmnet
1.348772759;6.065145038;1.000992549;2.041466203;0.545454545;12;22;0.033757744;Moreira et al. (2023);C0_C12glmnet
4.997959049;7.368530382;1.107990234;1.497127372;0.816099773;3599;4410;0.526464917;Arab-Alameddine et al. (2012);C0_C12glmnet
-0.202148311;4.762539363;0.425128732;1.041297926;0.516333938;1707;3306;0.643649528;CV10F;C05_C1xgb
-0.272648884;4.423194801;0.407970172;1.047319356;0.499094203;551;1104;0.630386919;Test;C05_C1xgb
0.542699511;4.66619278;0.171290341;0.768886931;0.5;11;22;0.649080447;Moreira et al. (2023);C05_C1xgb
-2.062313668;4.755103902;-0.019285368;0.573827368;0.250113379;1103;4410;0.465519682;Arab-Alameddine et al. (2012);C05_C1xgb
-0.002054491;4.816003084;0.439852959;1.106345509;0.514216576;1700;3306;0.63460552;CV10F;C05_C1rf
-0.038852733;4.495790292;0.443271674;1.170418774;0.492753623;544;1104;0.616671147;Test;C05_C1rf
0.849606466;5.212309472;0.206643533;0.867566542;0.5;11;22;0.63360856;Moreira et al. (2023);C05_C1rf
-1.750081338;4.819845288;0.051339666;0.686707904;0.302494331;1334;4410;0.391592802;Arab-Alameddine et al. (2012);C05_C1rf
-0.944356597;4.978073646;0.289663561;0.87605916;0.458862674;1517;3306;0.623937537;CV10F;C05_C1svm
-0.979695999;4.696083865;0.271704399;0.853826645;0.444746377;491;1104;0.600594302;Test;C05_C1svm
-1.02766705;3.885479951;-0.147339832;0.506392578;0.272727273;6;22;0.707199103;Moreira et al. (2023);C05_C1svm
-2.985897633;5.082526724;-0.235120431;0.433547273;0.116326531;513;4410;0.559141612;Arab-Alameddine et al. (2012);C05_C1svm
-0.000491597;4.886636319;0.601279004;1.2853214;0.572292801;1892;3306;0.623795764;CV10F;C05_C1glmnet
-0.05312683;4.589533784;0.580476514;1.26068673;0.557065217;615;1104;0.600651559;Test;C05_C1glmnet
-0.107024107;3.828446417;0.056391;0.589725201;0.363636364;8;22;0.706731376;Moreira et al. (2023);C05_C1glmnet
-2.093356537;4.603931241;-0.040665271;0.494849884;0.239909297;1058;4410;0.558883068;Arab-Alameddine et al. (2012);C05_C1glmnet
-0.008274698;3.190068788;0.189323276;0.484235478;0.447368421;1479;3306;0.839674688;CV10F;C05_C2xgb
-0.001600943;2.79461951;0.180185484;0.469887545;0.432065217;477;1104;0.85182373;Test;C05_C2xgb
0.160661048;3.978442605;0.009627718;0.570654696;0.454545455;10;22;0.673671932;Moreira et al. (2023);C05_C2xgb
-2.483998404;3.972138311;-0.259513595;0.354477787;0.041950113;185;4410;0.750480523;Arab-Alameddine et al. (2012);C05_C2xgb
0.00350363;3.263295061;0.17439859;0.484598003;0.413490623;1367;3306;0.832350277;CV10F;C05_C2rf
-0.007712354;2.896650815;0.166927869;0.480712269;0.398550725;440;1104;0.841270897;Test;C05_C2rf
0.285100995;4.093803679;0.06188073;0.64713931;0.409090909;9;22;0.654706665;Moreira et al. (2023);C05_C2rf
-2.49003547;4.092763422;-0.252959462;0.391860257;0.079818594;352;4410;0.711256372;Arab-Alameddine et al. (2012);C05_C2rf
-0.172302573;3.217314637;0.257305912;0.617609535;0.456745312;1510;3306;0.839729376;CV10F;C05_C2svm
-0.181340906;2.89950488;0.251192646;0.608247766;0.455615942;503;1104;0.845135717;Test;C05_C2svm
0.011485468;3.420494741;0.011908864;0.479985649;0.454545455;10;22;0.7227844;Moreira et al. (2023);C05_C2svm
-2.288162053;3.951289055;-0.197744633;0.339328457;0.087528345;386;4410;0.744274246;Arab-Alameddine et al. (2012);C05_C2svm
-0.000496791;3.184886235;0.253737035;0.583457185;0.479128857;1584;3306;0.840216137;CV10F;C05_C2glmnet
-0.020449652;2.843434055;0.248210444;0.574358006;0.470108696;519;1104;0.847092714;Test;C05_C2glmnet
0.14325101;3.634530067;0.01669892;0.503424727;0.5;11;22;0.715493728;Moreira et al. (2023);C05_C2glmnet
-2.310704272;3.909615538;-0.211316362;0.335975613;0.074603175;329;4410;0.755487848;Arab-Alameddine et al. (2012);C05_C2glmnet
-0.006712065;1.990205838;0.058416243;0.235438723;0.20568663;680;3306;0.937611776;CV10F;C05_C3xgb
0.145068175;1.670210143;0.064884029;0.227551237;0.21557971;238;1104;0.948956125;Test;C05_C3xgb
-0.628430564;2.992660602;-0.088222236;0.383985123;0.227272727;5;22;0.68991414;Moreira et al. (2023);C05_C3xgb
-1.444283577;2.647771784;-0.165145232;0.257586866;0.044217687;195;4410;0.860780521;Arab-Alameddine et al. (2012);C05_C3xgb
0.000742919;2.036909022;0.052251937;0.225273535;0.201451906;666;3306;0.934634555;CV10F;C05_C3rf
0.17292018;1.78392233;0.064170399;0.228951994;0.236413043;261;1104;0.94309922;Test;C05_C3rf
-0.52298358;2.96253759;-0.078283251;0.378627543;0.181818182;4;22;0.708541956;Moreira et al. (2023);C05_C3rf
-1.414940849;2.61482185;-0.164860191;0.260589345;0.037868481;167;4410;0.862397945;Arab-Alameddine et al. (2012);C05_C3rf
-0.137080968;2.022432395;0.082434427;0.260761653;0.246521476;815;3306;0.936655203;CV10F;C05_C3svm
0.009607182;1.612263584;0.091964109;0.258132302;0.255434783;282;1104;0.95067292;Test;C05_C3svm
-0.702484288;2.770094013;-0.095803535;0.351346173;0.227272727;5;22;0.719609023;Moreira et al. (2023);C05_C3svm
-1.685036252;2.928565643;-0.189772477;0.272050242;0.030612245;135;4410;0.843026847;Arab-Alameddine et al. (2012);C05_C3svm
0.001320082;2.008506032;0.095800171;0.262222149;0.269812462;892;3306;0.936472867;CV10F;C05_C3glmnet
0.14393431;1.630953516;0.104258539;0.258151469;0.280797101;310;1104;0.950545944;Test;C05_C3glmnet
-0.599228108;2.79769206;-0.083863383;0.356541245;0.227272727;5;22;0.71664587;Moreira et al. (2023);C05_C3glmnet
-1.598566113;2.845079327;-0.180863841;0.266256341;0.034240363;151;4410;0.845579639;Arab-Alameddine et al. (2012);C05_C3glmnet
-0.014135653;1.386518373;0.016248322;0.127211136;0.070780399;234;3306;0.969717875;CV10F;C05_C4xgb
0.128269745;1.268023018;0.02422036;0.12853784;0.082427536;91;1104;0.971583522;Test;C05_C4xgb
-0.6033236;2.055604185;-0.042383311;0.289080092;0.227272727;5;22;0.830741014;Moreira et al. (2023);C05_C4xgb
0.079662138;1.489319201;0.025392403;0.156008221;0.140816327;621;4410;0.934071822;Arab-Alameddine et al. (2012);C05_C4xgb
-0.018138487;1.417574844;0.015504469;0.129508395;0.074712644;247;3306;0.968403563;CV10F;C05_C4rf
0.126772993;1.237529686;0.022834372;0.131038111;0.086050725;95;1104;0.972733817;Test;C05_C4rf
-0.577998705;2.01895489;-0.040331497;0.29995325;0.227272727;5;22;0.83581812;Moreira et al. (2023);C05_C4rf
0.079144055;1.564669594;0.025635241;0.171174902;0.153287982;676;4410;0.927551633;Arab-Alameddine et al. (2012);C05_C4rf
-0.033618861;1.784431757;0.066317882;0.215065609;0.224440411;742;3306;0.9498538;CV10F;C05_C4svm
0.047078581;1.45190199;0.068209359;0.211877925;0.206521739;228;1104;0.960328625;Test;C05_C4svm
-0.410621204;2.100448809;-0.007577103;0.324828604;0.227272727;5;22;0.809406655;Moreira et al. (2023);C05_C4svm
-0.544875269;1.847500389;-0.047027342;0.185610868;0.069387755;306;4410;0.906300276;Arab-Alameddine et al. (2012);C05_C4svm
0.002062577;1.792685852;0.084265925;0.235730641;0.254688445;842;3306;0.949386062;CV10F;C05_C4glmnet
0.073565638;1.442700398;0.084431883;0.23129171;0.240036232;265;1104;0.960734011;Test;C05_C4glmnet
-0.363348487;2.064744256;0.002102526;0.323741241;0.227272727;5;22;0.814376731;Moreira et al. (2023);C05_C4glmnet
-0.499159986;1.878755172;-0.035945809;0.19013454;0.084807256;374;4410;0.901222826;Arab-Alameddine et al. (2012);C05_C4glmnet
-0.204511586;2.379862744;0.057604954;0.276819028;0.247428917;818;3306;0.912936681;CV10F;C05_C6xgb
-0.094323027;2.122107957;0.051091797;0.267167077;0.244565217;270;1104;0.914873063;Test;C05_C6xgb
-0.095991215;2.633263089;0.083436888;0.387773011;0.454545455;10;22;0.689452378;Moreira et al. (2023);C05_C6xgb
3.258932374;3.841394357;0.525301535;0.568671512;0.926530612;4086;4410;0.949990093;Arab-Alameddine et al. (2012);C05_C6xgb
-0.014165696;2.375109301;0.053031773;0.25893401;0.239564428;792;3306;0.911165874;CV10F;C05_C6rf
0.108293699;2.251733366;0.051838021;0.258143722;0.240942029;266;1104;0.907795245;Test;C05_C6rf
0.111365286;2.64413713;0.115825053;0.428628784;0.454545455;10;22;0.690216811;Moreira et al. (2023);C05_C6rf
3.530047598;4.240725162;0.565120448;0.619324119;0.930612245;4104;4410;0.939712769;Arab-Alameddine et al. (2012);C05_C6rf
-0.092830211;3.0234621;0.199475087;0.505207472;0.402601331;1331;3306;0.85620483;CV10F;C05_C6svm
-0.082925186;2.615184849;0.184311241;0.492497609;0.399456522;441;1104;0.870537477;Test;C05_C6svm
0.579409464;3.381439183;0.158231029;0.485586875;0.409090909;9;22;0.619291171;Moreira et al. (2023);C05_C6svm
1.837075227;2.489913841;0.328275347;0.400689529;0.711791383;3139;4410;0.946394507;Arab-Alameddine et al. (2012);C05_C6svm
0.00226625;3.027447417;0.226249388;0.535914043;0.425287356;1406;3306;0.855617323;CV10F;C05_C6glmnet
0.009131736;2.610746605;0.211300695;0.523235782;0.413949275;457;1104;0.870771428;Test;C05_C6glmnet
0.678925276;3.37040994;0.176792199;0.494878398;0.409090909;9;22;0.628700072;Moreira et al. (2023);C05_C6glmnet
1.931299375;2.589820699;0.346568421;0.421641865;0.737868481;3254;4410;0.944188909;Arab-Alameddine et al. (2012);C05_C6glmnet
-0.081375287;3.422135953;0.157753234;0.506803912;0.36630369;1211;3306;0.8166158;CV10F;C05_C8xgb
-0.078938078;2.999737624;0.135908377;0.489330173;0.343297101;379;1104;0.829529778;Test;C05_C8xgb
0.435001466;3.641847954;0.355920271;0.779424899;0.545454545;12;22;0.418920983;Moreira et al. (2023);C05_C8xgb
5.690720468;6.25748496;0.994252942;1.090731922;0.969614512;4276;4410;0.894270039;Arab-Alameddine et al. (2012);C05_C8xgb
-0.002322813;3.459670357;0.13932096;0.451413113;0.34845735;1152;3306;0.811728292;CV10F;C05_C8rf
0.023607799;2.986378772;0.123910243;0.43213676;0.347826087;384;1104;0.830832329;Test;C05_C8rf
0.284427393;3.400521374;0.320154122;0.767763098;0.409090909;9;22;0.485991181;Moreira et al. (2023);C05_C8rf
6.180073327;6.825254204;1.089054832;1.207382796;0.967346939;4266;4410;0.863178215;Arab-Alameddine et al. (2012);C05_C8rf
-0.283709695;4.227070957;0.346564031;0.847563789;0.470356927;1555;3306;0.719781949;CV10F;C05_C8svm
-0.388893344;3.717763865;0.318583328;0.826373401;0.438405797;484;1104;0.744468878;Test;C05_C8svm
0.729491682;3.470365492;0.343556677;0.742911819;0.454545455;10;22;0.545455548;Moreira et al. (2023);C05_C8svm
3.214563358;4.008309809;0.586925715;0.697951231;0.879138322;3877;4410;0.910907799;Arab-Alameddine et al. (2012);C05_C8svm
0.002165066;4.216188461;0.443242718;0.974788779;0.513006655;1696;3306;0.719948757;CV10F;C05_C8glmnet
-0.09852686;3.702539971;0.414688307;0.952121139;0.483695652;534;1104;0.743421399;Test;C05_C8glmnet
1.02368439;3.397681841;0.399156441;0.789717333;0.5;11;22;0.585593628;Moreira et al. (2023);C05_C8glmnet
3.407422568;4.157692428;0.635037127;0.757275827;0.899319728;3966;4410;0.909225504;Arab-Alameddine et al. (2012);C05_C8glmnet
-0.010312699;4.225481934;0.238838865;0.641465633;0.448275862;1482;3306;0.718743968;CV10F;C05_C12xgb
-0.028615161;3.769140691;0.217562251;0.635198261;0.405797101;448;1104;0.731080261;Test;C05_C12xgb
0.267181673;3.956376031;0.530044797;1.180900669;0.5;11;22;0.299724066;Moreira et al. (2023);C05_C12xgb
7.281085285;8.095554419;1.376991302;1.608990297;0.963945578;4251;4410;0.758812687;Arab-Alameddine et al. (2012);C05_C12xgb
-0.003567218;4.258612591;0.225083151;0.622324347;0.439806413;1454;3306;0.714287148;CV10F;C05_C12rf
-0.013779542;3.748808475;0.21015441;0.631416804;0.408514493;451;1104;0.733389066;Test;C05_C12rf
0.569756433;3.943023157;0.580302856;1.266161392;0.454545455;10;22;0.32604758;Moreira et al. (2023);C05_C12rf
7.356691447;8.208853306;1.421207292;1.684524482;0.958276644;4226;4410;0.720840057;Arab-Alameddine et al. (2012);C05_C12rf
-0.651512304;5.191927449;0.351852995;0.960047862;0.449183303;1485;3306;0.586129336;CV10F;C05_C12svm
-0.875287583;4.497156407;0.315713088;0.935013986;0.422101449;466;1104;0.637060523;Test;C05_C12svm
0.038221235;4.171838576;0.483129611;1.440060152;0.363636364;8;22;0.284474017;Moreira et al. (2023);C05_C12svm
4.775721436;6.984689227;0.822191148;1.021322588;0.839909297;3704;4410;0.736995875;Arab-Alameddine et al. (2012);C05_C12svm
0.003736181;5.038191356;0.631237001;1.354590944;0.556261343;1839;3306;0.600098964;CV10F;C05_C12glmnet
-0.19320523;4.52312494;0.593672772;1.329464641;0.522644928;577;1104;0.621495137;Test;C05_C12glmnet
0.692500594;3.788654389;0.566516801;1.36730427;0.363636364;8;22;0.420308292;Moreira et al. (2023);C05_C12glmnet
4.326220771;5.760188238;0.83549918;1.043410455;0.861904762;3801;4410;0.778454303;Arab-Alameddine et al. (2012);C05_C12glmnet
-0.197527473;3.101345613;0.143117066;0.437094712;0.366908651;1213;3306;0.849815455;CV10F;C1_C2xgb
-0.168930599;2.597078387;0.137960869;0.423676649;0.346014493;382;1104;0.873245232;Test;C1_C2xgb
0.429884613;4.60451436;0.053054845;0.704382169;0.318181818;7;22;0.572456029;Moreira et al. (2023);C1_C2xgb
-2.941508867;4.344113102;-0.342282562;0.4026352;0.014285714;63;4410;0.751708061;Arab-Alameddine et al. (2012);C1_C2xgb
-0.002162739;3.152642885;0.171193973;0.481694703;0.37507562;1240;3306;0.843435159;CV10F;C1_C2rf
0.032070347;2.644045336;0.172093753;0.468894509;0.366847826;405;1104;0.867373967;Test;C1_C2rf
0.551905102;4.387060995;0.074577893;0.674559504;0.409090909;9;22;0.615875719;Moreira et al. (2023);C1_C2rf
-2.718537791;4.217223371;-0.30116863;0.389488506;0.034240363;151;4410;0.72707813;Arab-Alameddine et al. (2012);C1_C2rf
-0.243188695;3.226776578;0.231654563;0.584866241;0.43708409;1445;3306;0.838961914;CV10F;C1_C2svm
-0.244846587;2.889739929;0.227588684;0.577068782;0.429347826;474;1104;0.84663534;Test;C1_C2svm
-0.110825075;3.424211088;-0.009281519;0.490059261;0.409090909;9;22;0.709776764;Moreira et al. (2023);C1_C2svm
-2.52853922;4.119169609;-0.235156281;0.349412142;0.067120181;296;4410;0.762455149;Arab-Alameddine et al. (2012);C1_C2svm
-0.001427375;3.179343868;0.249996268;0.577686548;0.475196612;1571;3306;0.840753216;CV10F;C1_C2glmnet
-0.004586588;2.809687706;0.246796215;0.569858742;0.468297101;517;1104;0.8505669;Test;C1_C2glmnet
0.12064878;3.661444753;0.020069763;0.528523793;0.454545455;10;22;0.691641477;Moreira et al. (2023);C1_C2glmnet
-2.442967035;3.995697115;-0.229622479;0.341076174;0.064172336;283;4410;0.772354998;Arab-Alameddine et al. (2012);C1_C2glmnet
-0.002190656;2.146850712;0.08340848;0.276576007;0.262855414;869;3306;0.927388212;CV10F;C1_C3xgb
0.156558636;1.767465626;0.092167602;0.268716998;0.268115942;296;1104;0.942154536;Test;C1_C3xgb
-0.483917965;2.687431255;-0.093413136;0.358330111;0.227272727;5;22;0.7598334;Moreira et al. (2023);C1_C3xgb
-2.084969502;3.152672147;-0.255814684;0.303332079;0.002494331;11;4410;0.864505333;Arab-Alameddine et al. (2012);C1_C3xgb
-0.011018125;2.195511114;0.06326223;0.25606114;0.20508167;678;3306;0.924064053;CV10F;C1_C3rf
0.216543109;1.860554533;0.079499776;0.261333552;0.231884058;256;1104;0.938185553;Test;C1_C3rf
-0.211416981;2.845112312;-0.069095182;0.384349234;0.181818182;4;22;0.770467903;Moreira et al. (2023);C1_C3rf
-2.098793257;3.206394737;-0.261255651;0.318140844;0.010657596;47;4410;0.850905731;Arab-Alameddine et al. (2012);C1_C3rf
-0.235121956;2.175165093;0.067431311;0.262568787;0.22323049;738;3306;0.927072299;CV10F;C1_C3svm
-0.10967079;1.752773989;0.07452788;0.255704151;0.246376812;272;1104;0.942018955;Test;C1_C3svm
-0.873040803;2.518870709;-0.148094724;0.3338845;0.090909091;2;22;0.787557525;Moreira et al. (2023);C1_C3svm
-2.22600026;3.373192536;-0.261913354;0.314468782;0.004081633;18;4410;0.852045332;Arab-Alameddine et al. (2012);C1_C3svm
0.000568021;2.13745952;0.114314313;0.298231825;0.302480339;1000;3306;0.928044904;CV10F;C1_C3glmnet
0.136608373;1.748117555;0.123263057;0.294420877;0.31884058;352;1104;0.942641754;Test;C1_C3glmnet
-0.696909656;2.567477355;-0.110064621;0.333331655;0.136363636;3;22;0.766702398;Moreira et al. (2023);C1_C3glmnet
-2.0403104;3.193011987;-0.230498265;0.291040335;0.010657596;47;4410;0.860878055;Arab-Alameddine et al. (2012);C1_C3glmnet
-0.10823215;1.404473003;0.012872789;0.142339543;0.077737447;257;3306;0.96960434;CV10F;C1_C4xgb
0.016940724;1.138630451;0.020086474;0.140780533;0.085144928;94;1104;0.975572801;Test;C1_C4xgb
-0.759429557;1.454915965;-0.127917202;0.246426521;0.045454545;1;22;0.930899369;Moreira et al. (2023);C1_C4xgb
-1.224192065;2.05363476;-0.156038703;0.207339602;0.003174603;14;4410;0.93165238;Arab-Alameddine et al. (2012);C1_C4xgb
-0.011188668;1.392082894;0.022091946;0.149606783;0.090744102;300;3306;0.969518643;CV10F;C1_C4rf
0.120058664;1.238964708;0.029803471;0.150117441;0.097826087;108;1104;0.972437226;Test;C1_C4rf
-0.618164442;1.457522725;-0.095261624;0.248514465;0.090909091;2;22;0.922174543;Moreira et al. (2023);C1_C4rf
-1.108936485;2.000568396;-0.139859691;0.202536929;0.010884354;48;4410;0.925890329;Arab-Alameddine et al. (2012);C1_C4rf
-0.060160094;1.36820422;0.0475644;0.165239948;0.126436782;418;3306;0.970713361;CV10F;C1_C4svm
-0.006134973;1.050687082;0.047709738;0.156895056;0.124094203;137;1104;0.979078872;Test;C1_C4svm
-0.600257232;1.4838069;-0.090315469;0.247452122;0.090909091;2;22;0.91779058;Moreira et al. (2023);C1_C4svm
-1.415877789;2.293169839;-0.168636759;0.220039055;0.002494331;11;4410;0.923431132;Arab-Alameddine et al. (2012);C1_C4svm
0.000568925;1.367365934;0.059272378;0.173302916;0.144585602;478;3306;0.970575335;CV10F;C1_C4glmnet
0.055368234;1.052279236;0.06047274;0.166456301;0.140398551;155;1104;0.979045056;Test;C1_C4glmnet
-0.54765464;1.468973502;-0.079980966;0.246062325;0.090909091;2;22;0.917083303;Moreira et al. (2023);C1_C4glmnet
-1.358356005;2.242471932;-0.159106751;0.213480855;0.002947846;13;4410;0.924373501;Arab-Alameddine et al. (2012);C1_C4glmnet
-0.000702698;1.264254614;0.012640434;0.149667479;0.09800363;324;3306;0.974837113;CV10F;C1_C6xgb
0.004927872;1.097539734;0.003933218;0.152378035;0.078804348;87;1104;0.97717429;Test;C1_C6xgb
-0.528304024;2.132932358;-0.100269608;0.313089523;0.136363636;3;22;0.830817762;Moreira et al. (2023);C1_C6xgb
1.181282289;1.696157994;0.163739701;0.206344485;0.39138322;1726;4410;0.974194131;Arab-Alameddine et al. (2012);C1_C6xgb
-0.016464006;1.296457067;0.014854221;0.124725401;0.07138536;236;3306;0.973655123;CV10F;C1_C6rf
0.00487075;1.128349965;0.013317696;0.122946;0.067934783;75;1104;0.975840306;Test;C1_C6rf
-0.571916132;2.0592526;-0.091347773;0.293155315;0.181818182;4;22;0.838193025;Moreira et al. (2023);C1_C6rf
1.221198779;1.770895366;0.18341805;0.222952575;0.43537415;1920;4410;0.96930989;Arab-Alameddine et al. (2012);C1_C6rf
0.089723135;1.672527243;0.110469161;0.260533696;0.278886872;922;3306;0.956097914;CV10F;C1_C6svm
0.070578086;1.455057128;0.099718847;0.248348021;0.261775362;289;1104;0.960143552;Test;C1_C6svm
0.369647243;2.688387503;0.023255309;0.354727822;0.227272727;5;22;0.805605345;Moreira et al. (2023);C1_C6svm
0.598187549;1.007047866;0.118895536;0.1649783;0.21814059;962;4410;0.981835471;Arab-Alameddine et al. (2012);C1_C6svm
0.00059222;1.670046356;0.078308493;0.224722423;0.226860254;750;3306;0.956095653;CV10F;C1_C6glmnet
-0.020557375;1.44882563;0.06826035;0.214294987;0.214673913;237;1104;0.960429066;Test;C1_C6glmnet
0.277711624;2.635570827;-0.001183362;0.348950301;0.227272727;5;22;0.816833814;Moreira et al. (2023);C1_C6glmnet
0.463150796;0.931222064;0.092664214;0.14008878;0.143764172;634;4410;0.981561628;Arab-Alameddine et al. (2012);C1_C6glmnet
-0.192136977;2.258528974;0.052284573;0.258297226;0.220810647;730;3306;0.921566012;CV10F;C1_C8xgb
-0.223108482;2.004765476;0.038091406;0.246899066;0.211050725;233;1104;0.925729471;Test;C1_C8xgb
-0.559443576;2.079171039;0.034559592;0.432071573;0.272727273;6;22;0.819780222;Moreira et al. (2023);C1_C8xgb
3.235051545;3.824651869;0.526859204;0.580947519;0.865986395;3819;4410;0.928223881;Arab-Alameddine et al. (2012);C1_C8xgb
-0.01588844;2.274757555;0.045258452;0.231286962;0.214761041;710;3306;0.918543121;CV10F;C1_C8rf
-0.06259302;1.990295861;0.035486637;0.226237086;0.196557971;217;1104;0.92490993;Test;C1_C8rf
-0.181799397;2.081579467;0.089254631;0.471643855;0.272727273;6;22;0.812583722;Moreira et al. (2023);C1_C8rf
3.632644308;4.290731787;0.590860611;0.653777812;0.890929705;3929;4410;0.913766495;Arab-Alameddine et al. (2012);C1_C8rf
-0.023114021;2.814821952;0.23292418;0.54469694;0.433454325;1433;3306;0.875906997;CV10F;C1_C8svm
-0.147042224;2.520139911;0.21262865;0.527216624;0.405797101;448;1104;0.885836446;Test;C1_C8svm
0.560496883;2.482230618;0.186815059;0.508184476;0.409090909;9;22;0.796970193;Moreira et al. (2023);C1_C8svm
1.862323562;2.399234309;0.348028739;0.423343227;0.717913832;3166;4410;0.952788085;Arab-Alameddine et al. (2012);C1_C8svm
0.000730202;2.802449762;0.206750531;0.495193189;0.429219601;1419;3306;0.876291332;CV10F;C1_C8glmnet
-0.131320645;2.501326288;0.184012719;0.473792269;0.398550725;440;1104;0.884371392;Test;C1_C8glmnet
0.567025588;2.48249231;0.162763815;0.4766199;0.454545455;10;22;0.819624293;Moreira et al. (2023);C1_C8glmnet
1.74838965;2.268727832;0.319084769;0.384950205;0.689115646;3039;4410;0.958727753;Arab-Alameddine et al. (2012);C1_C8glmnet
-0.18693315;3.304949475;0.128004757;0.425625208;0.358439201;1185;3306;0.829206469;CV10F;C1_C12xgb
-0.26388416;2.972673734;0.113078525;0.429096756;0.338768116;374;1104;0.834616813;Test;C1_C12xgb
-0.317304042;2.839663149;0.17607817;0.672076291;0.363636364;8;22;0.666770635;Moreira et al. (2023);C1_C12xgb
4.684695468;5.505457993;0.850070916;0.99034683;0.889342404;3922;4410;0.826697111;Arab-Alameddine et al. (2012);C1_C12xgb
-0.011127388;3.316391349;0.118281297;0.399411838;0.361766485;1196;3306;0.826731753;CV10F;C1_C12rf
-0.077046408;2.988591957;0.104758833;0.4124969;0.338768116;374;1104;0.830669072;Test;C1_C12rf
0.230186954;3.105959844;0.253373947;0.752616949;0.454545455;10;22;0.659238337;Moreira et al. (2023);C1_C12rf
5.126979409;6.006515867;0.937501084;1.097716131;0.896371882;3953;4410;0.792942502;Arab-Alameddine et al. (2012);C1_C12rf
-0.250999038;3.855790136;0.313349523;0.771908025;0.465819722;1540;3306;0.767098222;CV10F;C1_C12svm
-0.475172934;3.527103956;0.282300434;0.748894117;0.438405797;484;1104;0.779579283;Test;C1_C12svm
0.044262905;3.384211498;0.317783655;1.112011425;0.272727273;6;22;0.564666402;Moreira et al. (2023);C1_C12svm
2.937094583;4.600845769;0.538087407;0.704234339;0.731746032;3227;4410;0.797544128;Arab-Alameddine et al. (2012);C1_C12svm
0.002032321;3.791210537;0.368112701;0.825999723;0.514821537;1702;3306;0.773564759;CV10F;C1_C12glmnet
-0.22153593;3.54118424;0.337094809;0.803785727;0.482789855;533;1104;0.767847847;Test;C1_C12glmnet
0.264470601;3.395458601;0.307096328;1.018366204;0.363636364;8;22;0.618592391;Moreira et al. (2023);C1_C12glmnet
2.549011305;3.853373118;0.492518595;0.644813786;0.725170068;3198;4410;0.837886582;Arab-Alameddine et al. (2012);C1_C12glmnet
-0.20456627;2.291119375;0.056045721;0.264731839;0.233817302;773;3306;0.919137863;CV10F;C2_C3xgb
-0.023498583;1.753732636;0.064832141;0.256153544;0.233695652;258;1104;0.941644746;Test;C2_C3xgb
0.257981938;3.082757898;0.019519631;0.432483954;0.318181818;7;22;0.702724469;Moreira et al. (2023);C2_C3xgb
-2.519170102;3.636368716;-0.304317574;0.341437354;0.000907029;4;4410;0.863389643;Arab-Alameddine et al. (2012);C2_C3xgb
-0.015009917;2.26826879;0.066183262;0.256427726;0.240471869;795;3306;0.918981133;CV10F;C2_C3rf
0.134051125;1.781233045;0.070170981;0.250784546;0.237318841;262;1104;0.941036988;Test;C2_C3rf
0.491172063;3.05912556;0.052525232;0.444244996;0.363636364;8;22;0.741059776;Moreira et al. (2023);C2_C3rf
-2.475124383;3.559280954;-0.308926825;0.351261188;0.003854875;17;4410;0.857311784;Arab-Alameddine et al. (2012);C2_C3rf
-0.073404564;2.439946369;0.169487763;0.416517885;0.382637629;1265;3306;0.907520405;CV10F;C2_C3svm
0.054442801;2.005841797;0.176513434;0.411232188;0.388586957;429;1104;0.924118114;Test;C2_C3svm
-0.520744849;2.73625566;-0.0504201;0.373425917;0.272727273;6;22;0.716751379;Moreira et al. (2023);C2_C3svm
-2.248643579;3.504561481;-0.23145481;0.301949462;0.025170068;111;4410;0.861972631;Arab-Alameddine et al. (2012);C2_C3svm
0.001033779;2.407552478;0.145656051;0.365847302;0.372353297;1231;3306;0.908693802;CV10F;C2_C3glmnet
0.145672723;1.999019206;0.156126213;0.363681909;0.375905797;415;1104;0.924855677;Test;C2_C3glmnet
-0.553385542;2.834464241;-0.061602185;0.378216248;0.227272727;5;22;0.696915833;Moreira et al. (2023);C2_C3glmnet
-2.201199215;3.384779995;-0.238256291;0.298553815;0.013151927;58;4410;0.868639145;Arab-Alameddine et al. (2012);C2_C3glmnet
-0.109352778;1.815647527;0.024427306;0.186704772;0.142165759;470;3306;0.948521087;CV10F;C2_C4xgb
0.003628056;1.451463092;0.025974538;0.178907112;0.141304348;156;1104;0.960241093;Test;C2_C4xgb
0.36763321;1.559831196;0.040389182;0.305756697;0.272727273;6;22;0.902476173;Moreira et al. (2023);C2_C4xgb
-2.130662047;3.003514213;-0.276800238;0.306665059;0.000226757;1;4410;0.916681472;Arab-Alameddine et al. (2012);C2_C4xgb
-0.009369222;1.802899865;0.033701765;0.190570119;0.158197217;523;3306;0.94880353;CV10F;C2_C4rf
0.103939261;1.488099974;0.034138932;0.182150646;0.150362319;166;1104;0.959239183;Test;C2_C4rf
0.987961936;2.04645277;0.120266471;0.374673476;0.363636364;8;22;0.884467931;Moreira et al. (2023);C2_C4rf
-2.055399612;2.905048768;-0.268745331;0.301701613;0.001587302;7;4410;0.917586882;Arab-Alameddine et al. (2012);C2_C4rf
-0.142604885;1.922830438;0.088548397;0.273799878;0.265880218;879;3306;0.942916244;CV10F;C2_C4svm
-0.07174392;1.553382466;0.094325246;0.271363292;0.268115942;296;1104;0.954996123;Test;C2_C4svm
-0.44127631;1.614274101;-0.042714168;0.245412367;0.181818182;4;22;0.891760615;Moreira et al. (2023);C2_C4svm
-2.004953587;3.01961177;-0.2247457;0.271592653;0.004988662;22;4410;0.909865093;Arab-Alameddine et al. (2012);C2_C4svm
0.000768821;1.893429276;0.102072396;0.273772781;0.297035693;982;3306;0.943547107;CV10F;C2_C4glmnet
0.080568409;1.535252193;0.108319575;0.271074704;0.297101449;328;1104;0.955394595;Test;C2_C4glmnet
-0.349112016;1.523571185;-0.024685623;0.236143364;0.318181818;7;22;0.902429764;Moreira et al. (2023);C2_C4glmnet
-1.836580846;2.818335798;-0.204626062;0.25406715;0.005442177;24;4410;0.915254897;Arab-Alameddine et al. (2012);C2_C4glmnet
-0.015877318;1.26149072;0.023314265;0.138639455;0.085299456;282;3306;0.974960259;CV10F;C2_C6xgb
0.060317964;1.202112837;0.024489409;0.137960554;0.077898551;86;1104;0.973477842;Test;C2_C6xgb
0.498672069;1.738080726;0.033134174;0.291382913;0.318181818;7;22;0.908257293;Moreira et al. (2023);C2_C6xgb
-0.84826901;1.434710756;-0.108226935;0.150882454;0.001133787;5;4410;0.965957245;Arab-Alameddine et al. (2012);C2_C6xgb
-0.013953033;1.318262564;0.015988159;0.130064167;0.072292801;239;3306;0.972685407;CV10F;C2_C6rf
0.025627595;1.1811731;0.015342981;0.131924404;0.067934783;75;1104;0.97382168;Test;C2_C6rf
0.609317034;1.894545674;0.034498318;0.321914592;0.318181818;7;22;0.9047991;Moreira et al. (2023);C2_C6rf
-0.866946999;1.418333478;-0.117765475;0.153063466;0.000680272;3;4410;0.96851679;Arab-Alameddine et al. (2012);C2_C6rf
-0.07648176;1.21123423;0.033922169;0.142465841;0.09860859;326;3306;0.977218119;CV10F;C2_C6svm
-0.043252273;1.082331272;0.035572573;0.14130614;0.105072464;116;1104;0.977884803;Test;C2_C6svm
0.159452024;1.452299171;-0.004736151;0.261886165;0.318181818;7;22;0.917290347;Moreira et al. (2023);C2_C6svm
-0.857584872;1.464377664;-0.096579696;0.138398859;0.001133787;5;4410;0.970160501;Arab-Alameddine et al. (2012);C2_C6svm
0.000440749;1.206189391;0.046069554;0.148391643;0.11615245;384;3306;0.977112588;CV10F;C2_C6glmnet
0.030168129;1.080402705;0.047295208;0.147065847;0.126811594;140;1104;0.977865493;Test;C2_C6glmnet
0.233472184;1.479314995;0.006150009;0.263972742;0.318181818;7;22;0.917123177;Moreira et al. (2023);C2_C6glmnet
-0.785106899;1.400834619;-0.08625226;0.132381378;0.001587302;7;4410;0.97016335;Arab-Alameddine et al. (2012);C2_C6glmnet
-0.010546806;1.236805971;0.01480444;0.116881101;0.052631579;174;3306;0.975911786;CV10F;C2_C8xgb
0.000692459;1.199275823;0.013892199;0.118647631;0.054347826;60;1104;0.973045695;Test;C2_C8xgb
0.441192172;1.929182343;0.074973692;0.309000095;0.363636364;8;22;0.88707675;Moreira et al. (2023);C2_C8xgb
0.476144053;1.244741496;0.077136995;0.144472395;0.134920635;595;4410;0.9648917;Arab-Alameddine et al. (2012);C2_C8xgb
-0.025758498;1.306704308;0.012890429;0.119944066;0.057471264;190;3306;0.973199023;CV10F;C2_C8rf
-0.017605612;1.191106641;0.012184368;0.122963796;0.067934783;75;1104;0.973170662;Test;C2_C8rf
0.532932404;1.97041282;0.090585986;0.323679733;0.363636364;8;22;0.885941245;Moreira et al. (2023);C2_C8rf
0.451608388;1.196816135;0.077800914;0.15013105;0.153968254;679;4410;0.965267159;Arab-Alameddine et al. (2012);C2_C8rf
0.00060314;1.237363214;0.047825841;0.152833435;0.122807018;406;3306;0.975895096;CV10F;C2_C8svm
-0.057767487;1.153928111;0.042017825;0.147455199;0.130434783;144;1104;0.975137484;Test;C2_C8svm
0.44190453;1.728004607;0.092142444;0.305618122;0.363636364;8;22;0.892370481;Moreira et al. (2023);C2_C8svm
0.124311082;0.978633919;0.038378013;0.11709553;0.057596372;254;4410;0.971701894;Arab-Alameddine et al. (2012);C2_C8svm
0.000559804;1.242523643;0.05109492;0.157146827;0.130671506;432;3306;0.975712204;CV10F;C2_C8glmnet
-0.053670729;1.156215229;0.04536326;0.151323379;0.136775362;151;1104;0.975076659;Test;C2_C8glmnet
0.441185087;1.731706573;0.091648755;0.306021031;0.363636364;8;22;0.892451814;Moreira et al. (2023);C2_C8glmnet
0.09385713;0.957176263;0.035362839;0.114941842;0.052834467;233;4410;0.972648536;Arab-Alameddine et al. (2012);C2_C8glmnet
-0.016191264;1.926159916;0.033095691;0.205876937;0.177858439;588;3306;0.941553418;CV10F;C2_C12xgb
-0.080101934;1.880969634;0.027441663;0.206913451;0.150362319;166;1104;0.932982242;Test;C2_C12xgb
0.273085308;3.014511544;0.185994885;0.602018635;0.363636364;8;22;0.673858964;Moreira et al. (2023);C2_C12xgb
1.849438524;2.967146878;0.312688785;0.424800425;0.610204082;2691;4410;0.885346879;Arab-Alameddine et al. (2012);C2_C12xgb
-0.017699293;1.974015934;0.032956067;0.190483712;0.163944344;542;3306;0.938618642;CV10F;C2_C12rf
-0.053778508;1.795525096;0.026589264;0.189614838;0.151268116;167;1104;0.93896527;Test;C2_C12rf
0.285030314;2.910644134;0.147287149;0.480095087;0.454545455;10;22;0.713682088;Moreira et al. (2023);C2_C12rf
1.885547913;2.816716932;0.33453407;0.444373736;0.646938776;2853;4410;0.895118485;Arab-Alameddine et al. (2012);C2_C12rf
-0.030786831;2.001881511;0.123778783;0.320986622;0.300967937;995;3306;0.937283269;CV10F;C2_C12svm
-0.163601791;1.920055902;0.111962498;0.313020112;0.302536232;334;1104;0.933444142;Test;C2_C12svm
0.190399331;3.040481315;0.190226761;0.69716719;0.363636364;8;22;0.665622509;Moreira et al. (2023);C2_C12svm
0.835233541;2.177531518;0.166876831;0.289425382;0.388435374;1713;4410;0.897301888;Arab-Alameddine et al. (2012);C2_C12svm
0.00128023;1.996059266;0.11194445;0.296872651;0.293103448;969;3306;0.937260307;CV10F;C2_C12glmnet
-0.132183699;1.914173132;0.101057666;0.29036438;0.291666667;322;1104;0.932211492;Test;C2_C12glmnet
0.214338515;3.091129701;0.178353112;0.675303095;0.363636364;8;22;0.670624228;Moreira et al. (2023);C2_C12glmnet
0.719066581;2.023543904;0.144604562;0.263236894;0.351927438;1552;4410;0.90710906;Arab-Alameddine et al. (2012);C2_C12glmnet
-0.19694596;2.446306045;0.061657461;0.279175915;0.29491833;975;3306;0.907403255;CV10F;C3_C4xgb
0.075461443;2.091881794;0.079157499;0.272256553;0.30615942;338;1104;0.917870733;Test;C3_C4xgb
-0.308136666;2.981032669;-0.002590318;0.368568474;0.272727273;6;22;0.615944825;Moreira et al. (2023);C3_C4xgb
-1.967597845;2.921618263;-0.231995682;0.271183997;0.001133787;5;4410;0.915484846;Arab-Alameddine et al. (2012);C3_C4xgb
-0.005692919;2.386357667;0.065207844;0.264731454;0.300060496;992;3306;0.910306436;CV10F;C3_C4rf
0.298450897;2.175936335;0.086148525;0.266680416;0.326992754;361;1104;0.916601572;Test;C3_C4rf
-0.019215094;2.931961668;0.034125258;0.392014569;0.363636364;8;22;0.630437666;Moreira et al. (2023);C3_C4rf
-1.888991933;2.787300166;-0.234913343;0.275745328;0.003401361;15;4410;0.914369499;Arab-Alameddine et al. (2012);C3_C4rf
-0.240733078;2.528783311;0.109827436;0.356923452;0.33938294;1122;3306;0.900768593;CV10F;C3_C4svm
-0.012657708;2.180167593;0.12651692;0.356635095;0.355978261;393;1104;0.910329177;Test;C3_C4svm
-1.055362743;3.272332944;-0.081279365;0.346582154;0.227272727;5;22;0.570989037;Moreira et al. (2023);C3_C4svm
-1.986641904;3.090142447;-0.208278712;0.267221607;0.013605442;60;4410;0.901452744;Arab-Alameddine et al. (2012);C3_C4svm
0.000866034;2.509374833;0.165542207;0.409711848;0.395946763;1309;3306;0.900811931;CV10F;C3_C4glmnet
0.224886846;2.209718016;0.182459439;0.411717148;0.419384058;463;1104;0.910107993;Test;C3_C4glmnet
-0.834867431;3.162211213;-0.0345115;0.33834407;0.272727273;6;22;0.582544422;Moreira et al. (2023);C3_C4glmnet
-1.717713445;2.84744467;-0.162349673;0.242613065;0.034920635;154;4410;0.906128728;Arab-Alameddine et al. (2012);C3_C4glmnet
-0.194478086;2.259441602;0.050137296;0.256058194;0.249243799;824;3306;0.921335924;CV10F;C3_C6xgb
0.049989533;2.037607039;0.0688653;0.256489768;0.274456522;303;1104;0.922145624;Test;C3_C6xgb
-0.640992432;2.901835945;-0.079564301;0.349869925;0.181818182;4;22;0.652663601;Moreira et al. (2023);C3_C6xgb
-1.660898267;2.32041238;-0.214094177;0.241556393;0.000226757;1;4410;0.950834744;Arab-Alameddine et al. (2012);C3_C6xgb
-0.021583326;2.265463214;0.050442429;0.241604611;0.245009074;810;3306;0.919152892;CV10F;C3_C6rf
0.227323725;2.115538525;0.070415149;0.24973197;0.288949275;319;1104;0.919885119;Test;C3_C6rf
-0.668535761;3.065233651;-0.105219132;0.393808319;0.227272727;5;22;0.632020837;Moreira et al. (2023);C3_C6rf
-1.512412385;2.162108117;-0.208835734;0.239795751;0.001133787;5;4410;0.946526158;Arab-Alameddine et al. (2012);C3_C6rf
-0.161954979;2.337755872;0.123572639;0.35547509;0.343012704;1134;3306;0.91524104;CV10F;C3_C6svm
0.057477815;2.108772989;0.137251256;0.353688282;0.364130435;402;1104;0.916282054;Test;C3_C6svm
-0.780161382;3.071173533;-0.042675866;0.320926741;0.227272727;5;22;0.603761842;Moreira et al. (2023);C3_C6svm
-1.342051669;2.324474966;-0.120524554;0.199422053;0.033333333;147;4410;0.935650524;Arab-Alameddine et al. (2012);C3_C6svm
0.000537764;2.319557523;0.141248358;0.360309318;0.373865699;1236;3306;0.915253627;CV10F;C3_C6glmnet
0.221017674;2.154814577;0.156531663;0.361233548;0.391304348;432;1104;0.915518423;Test;C3_C6glmnet
-0.61397104;3.031232445;-0.018100472;0.321402328;0.227272727;5;22;0.604897255;Moreira et al. (2023);C3_C6glmnet
-1.109191872;2.086022185;-0.090477018;0.183203697;0.042403628;187;4410;0.937984961;Arab-Alameddine et al. (2012);C3_C6glmnet
-0.007132681;2.138794099;0.076980713;0.27260668;0.293405929;970;3306;0.9279327;CV10F;C3_C8xgb
0.219077791;1.996947621;0.093850612;0.272000488;0.298913043;330;1104;0.928993371;Test;C3_C8xgb
-0.547449735;3.138516261;-0.025158105;0.349581162;0.227272727;5;22;0.586694978;Moreira et al. (2023);C3_C8xgb
-0.749090942;1.525993159;-0.096678058;0.157708381;0.003854875;17;4410;0.947774586;Arab-Alameddine et al. (2012);C3_C8xgb
-0.007046055;2.173096396;0.059017396;0.24080232;0.258318209;854;3306;0.92575788;CV10F;C3_C8rf
0.223881065;1.980045995;0.074184786;0.246649582;0.279891304;309;1104;0.929049112;Test;C3_C8rf
-0.414789417;3.162860324;-0.011526062;0.350086131;0.227272727;5;22;0.580623813;Moreira et al. (2023);C3_C8rf
-0.627978399;1.499008918;-0.072358471;0.146229501;0.007482993;33;4410;0.947447622;Arab-Alameddine et al. (2012);C3_C8rf
-0.209763054;2.096989195;0.070187545;0.27234838;0.274652148;908;3306;0.93189162;CV10F;C3_C8svm
-0.025788555;1.95952688;0.084310301;0.273463581;0.286231884;316;1104;0.92790103;Test;C3_C8svm
-0.697314873;3.221069079;-0.005849884;0.332306094;0.318181818;7;22;0.557186238;Moreira et al. (2023);C3_C8svm
-0.602316376;1.523767745;-0.037592454;0.142815508;0.029478458;130;4410;0.95099691;Arab-Alameddine et al. (2012);C3_C8svm
0.000681325;2.079467429;0.117857378;0.31254652;0.340290381;1125;3306;0.931899282;CV10F;C3_C8glmnet
0.183201722;1.981565398;0.130863589;0.313685948;0.354166667;391;1104;0.928204104;Test;C3_C8glmnet
-0.522813933;3.183159472;0.024663151;0.34304335;0.363636364;8;22;0.560070119;Moreira et al. (2023);C3_C8glmnet
-0.473104364;1.455210835;-0.013093193;0.146607462;0.061451247;271;4410;0.951872514;Arab-Alameddine et al. (2012);C3_C8glmnet
-0.010796431;2.016197127;0.059942181;0.247956383;0.255293406;844;3306;0.935968221;CV10F;C3_C12xgb
0.164233902;1.850514719;0.071685083;0.24231971;0.260869565;288;1104;0.937873818;Test;C3_C12xgb
-0.560685672;3.612073376;0.083161474;0.572500606;0.363636364;8;22;0.451927913;Moreira et al. (2023);C3_C12xgb
0.511532024;1.824427802;0.090976216;0.217822535;0.274829932;1212;4410;0.915502341;Arab-Alameddine et al. (2012);C3_C12xgb
-0.018513615;2.066090177;0.044459638;0.221282859;0.24137931;798;3306;0.932760254;CV10F;C3_C12rf
0.17404305;1.861216503;0.058671527;0.221458281;0.258152174;285;1104;0.937380633;Test;C3_C12rf
-0.77144364;3.487463743;0.029793051;0.43359269;0.363636364;8;22;0.484809021;Moreira et al. (2023);C3_C12rf
0.496890604;1.689115077;0.104977858;0.221547509;0.304761905;1344;4410;0.922280672;Arab-Alameddine et al. (2012);C3_C12rf
-0.079941438;1.97981882;0.100669021;0.292760565;0.302480339;1000;3306;0.938684023;CV10F;C3_C12svm
0.040411112;1.821681379;0.109664492;0.291223125;0.314311594;347;1104;0.937237943;Test;C3_C12svm
-0.73361896;3.594052096;0.075942041;0.5427426;0.318181818;7;22;0.45218272;Moreira et al. (2023);C3_C12svm
0.233092928;1.653978094;0.080246115;0.205967664;0.246712018;1088;4410;0.920460561;Arab-Alameddine et al. (2012);C3_C12svm
0.001501589;1.974804658;0.107814439;0.292265444;0.315486993;1043;3306;0.938579766;CV10F;C3_C12glmnet
0.125228458;1.839703745;0.117824994;0.292097946;0.326992754;361;1104;0.936906241;Test;C3_C12glmnet
-0.67512767;3.577112468;0.079427895;0.536768773;0.318181818;7;22;0.456636283;Moreira et al. (2023);C3_C12glmnet
0.232545671;1.604561411;0.078589184;0.199938888;0.236054422;1041;4410;0.925135325;Arab-Alameddine et al. (2012);C3_C12glmnet
-0.202262395;3.048885302;0.102333148;0.375425854;0.350877193;1160;3306;0.855218365;CV10F;C4_C6xgb
0.02592434;2.682746932;0.119276453;0.372366833;0.370471014;409;1104;0.864186909;Test;C4_C6xgb
-0.456845034;3.895987698;0.048288965;0.517487758;0.409090909;9;22;0.375027652;Moreira et al. (2023);C4_C6xgb
-1.495040494;2.497659077;-0.158424727;0.224673545;0.019501134;86;4410;0.916644564;Arab-Alameddine et al. (2012);C4_C6xgb
-0.004618207;3.056280129;0.111723581;0.37555575;0.359044162;1187;3306;0.852893599;CV10F;C4_C6rf
0.205551244;2.785307563;0.12220234;0.369681469;0.380434783;420;1104;0.85742652;Test;C4_C6rf
-0.298191041;3.882593224;0.064575705;0.53127778;0.409090909;9;22;0.38582809;Moreira et al. (2023);C4_C6rf
-1.299037323;2.264413188;-0.147546469;0.211764859;0.016780045;74;4410;0.915515787;Arab-Alameddine et al. (2012);C4_C6rf
-0.256710951;3.292182382;0.216642677;0.574388915;0.424077435;1402;3306;0.830535111;CV10F;C4_C6svm
-0.043738078;2.838685827;0.227840773;0.570198296;0.435688406;481;1104;0.847349147;Test;C4_C6svm
-1.040512665;4.013278217;0.032271277;0.460843078;0.272727273;6;22;0.326922459;Moreira et al. (2023);C4_C6svm
-1.448028941;2.866796399;-0.088439632;0.257633094;0.110884354;489;4410;0.876860794;Arab-Alameddine et al. (2012);C4_C6svm
0.001183564;3.286751787;0.284590748;0.651722139;0.468239564;1548;3306;0.829809562;CV10F;C4_C6glmnet
0.206656217;2.868472459;0.295949175;0.64944909;0.482789855;533;1104;0.845624323;Test;C4_C6glmnet
-0.758250105;3.9895294;0.087812946;0.488996176;0.318181818;7;22;0.316180312;Moreira et al. (2023);C4_C6glmnet
-1.076424686;2.579796232;-0.024473172;0.265259983;0.169387755;747;4410;0.885767114;Arab-Alameddine et al. (2012);C4_C6glmnet
-0.002681789;3.119341369;0.146508401;0.429827018;0.396854204;1312;3306;0.846705867;CV10F;C4_C8xgb
0.256825614;2.889296765;0.16251315;0.421398814;0.406702899;449;1104;0.848145764;Test;C4_C8xgb
-0.535096872;4.053825715;0.04928653;0.508865371;0.363636364;8;22;0.322555076;Moreira et al. (2023);C4_C8xgb
-0.724316641;2.039559617;-0.0491709;0.194791362;0.080498866;355;4410;0.897432396;Arab-Alameddine et al. (2012);C4_C8xgb
-0.00923636;3.166505574;0.126335275;0.403044248;0.378402904;1251;3306;0.842131341;CV10F;C4_C8rf
0.216308187;2.890862803;0.138134896;0.393645163;0.387681159;428;1104;0.845781084;Test;C4_C8rf
-0.422874382;3.968603672;0.06822339;0.496677558;0.454545455;10;22;0.350580865;Moreira et al. (2023);C4_C8rf
-0.781277682;1.958992785;-0.068245393;0.181821635;0.049886621;220;4410;0.910502941;Arab-Alameddine et al. (2012);C4_C8rf
-0.160925464;3.29436667;0.273270958;0.658049937;0.456442831;1509;3306;0.830376463;CV10F;C4_C8svm
0.025680065;2.911634868;0.281710322;0.654715659;0.472826087;522;1104;0.839128553;Test;C4_C8svm
-0.718719731;4.16010181;0.105844926;0.497149056;0.409090909;9;22;0.264095685;Moreira et al. (2023);C4_C8svm
-0.640665251;2.187836403;0.039237142;0.271615598;0.217006803;957;4410;0.905642576;Arab-Alameddine et al. (2012);C4_C8svm
0.00147616;3.287055695;0.289385453;0.660886697;0.47277677;1563;3306;0.829778763;CV10F;C4_C8glmnet
0.192996498;2.926831112;0.298807841;0.657470653;0.491847826;543;1104;0.839109213;Test;C4_C8glmnet
-0.580805415;4.156343778;0.125901545;0.510098353;0.409090909;9;22;0.263921864;Moreira et al. (2023);C4_C8glmnet
-0.483614208;2.074367665;0.057873438;0.273348103;0.234920635;1036;4410;0.905668091;Arab-Alameddine et al. (2012);C4_C8glmnet
-0.00336496;3.011747569;0.131949775;0.403148706;0.395946763;1309;3306;0.857096876;CV10F;C4_C12xgb
0.213215409;2.790456585;0.141744975;0.388326898;0.39673913;438;1104;0.857657762;Test;C4_C12xgb
-0.31667912;4.337558173;0.186865132;0.632225472;0.454545455;10;22;0.217718186;Moreira et al. (2023);C4_C12xgb
0.884401527;2.132018448;0.206826112;0.333610423;0.529251701;2334;4410;0.887247196;Arab-Alameddine et al. (2012);C4_C12xgb
-0.002216649;3.073003991;0.124714815;0.393693513;0.380217786;1257;3306;0.851330728;CV10F;C4_C12rf
0.209811224;2.756134315;0.130975087;0.373782194;0.402173913;444;1104;0.859428759;Test;C4_C12rf
-0.1876262;4.447137428;0.203893097;0.632532833;0.5;11;22;0.203483445;Moreira et al. (2023);C4_C12rf
0.574137471;1.908344366;0.147907047;0.269389895;0.381179138;1681;4410;0.901095411;Arab-Alameddine et al. (2012);C4_C12rf
-0.133625997;3.164039889;0.279253091;0.661188786;0.460980036;1524;3306;0.844314532;CV10F;C4_C12svm
0.001018727;2.794698032;0.284290863;0.656247869;0.472826087;522;1104;0.852393938;Test;C4_C12svm
-0.644152451;4.255059784;0.186235154;0.62181327;0.454545455;10;22;0.216023021;Moreira et al. (2023);C4_C12svm
0.391467831;1.941927832;0.180419736;0.3442722;0.4138322;1825;4410;0.892620825;Arab-Alameddine et al. (2012);C4_C12svm
0.003090717;3.149565094;0.270817278;0.624025192;0.469147005;1551;3306;0.84372304;CV10F;C4_C12glmnet
0.140221451;2.796874171;0.276460164;0.618147373;0.47826087;528;1104;0.852207308;Test;C4_C12glmnet
-0.553922878;4.241727695;0.189786718;0.615706351;0.454545455;10;22;0.221638298;Moreira et al. (2023);C4_C12glmnet
0.471686823;1.915748956;0.18001716;0.330512501;0.422675737;1864;4410;0.896278011;Arab-Alameddine et al. (2012);C4_C12glmnet
0.001500622;4.527202514;0.313801209;0.776980291;0.444646098;1470;3306;0.677120556;CV10F;C6_C8xgb
0.298100951;4.079984545;0.316312974;0.741711361;0.455615942;503;1104;0.691341699;Test;C6_C8xgb
0.723141188;6.196875122;0.306263753;0.801833081;0.409090909;9;22;0.098086204;Moreira et al. (2023);C6_C8xgb
1.848546259;3.416775855;0.492104022;0.702764328;0.712018141;3140;4410;0.751203234;Arab-Alameddine et al. (2012);C6_C8xgb
-0.005253614;4.606189823;0.268673117;0.730384845;0.431639443;1427;3306;0.665879609;CV10F;C6_C8rf
0.29470758;4.16460762;0.281698018;0.71582616;0.423913043;468;1104;0.678535083;Test;C6_C8rf
0.639512432;6.0576078;0.269121009;0.744101428;0.5;11;22;0.131353345;Moreira et al. (2023);C6_C8rf
1.634364054;3.222679206;0.390952911;0.599613225;0.63446712;2798;4410;0.776105959;Arab-Alameddine et al. (2012);C6_C8rf
-0.732782196;4.828856409;0.353334115;0.95342369;0.456442831;1509;3306;0.641668636;CV10F;C6_C8svm
-0.488645898;4.279183341;0.357280518;0.940121426;0.457427536;505;1104;0.657091898;Test;C6_C8svm
-0.474101697;5.851144406;0.119310113;0.702027704;0.363636364;8;22;0.0915515;Moreira et al. (2023);C6_C8svm
-0.004532488;2.660437865;0.187435528;0.452331824;0.420408163;1854;4410;0.795670478;Arab-Alameddine et al. (2012);C6_C8svm
0.001847603;4.775710019;0.581472325;1.248887425;0.542347247;1793;3306;0.640683511;CV10F;C6_C8glmnet
0.238044697;4.264797075;0.582500359;1.232191846;0.530797101;586;1104;0.65689627;Test;C6_C8glmnet
0.257829733;5.936628923;0.277874812;0.805921794;0.363636364;8;22;0.090546816;Moreira et al. (2023);C6_C8glmnet
0.786599832;2.736970328;0.345418388;0.609739774;0.551473923;2432;4410;0.797454127;Arab-Alameddine et al. (2012);C6_C8glmnet
-0.079563395;4.543437193;0.30452237;0.797482721;0.447670901;1480;3306;0.675059957;CV10F;C6_C12xgb
0.128975882;3.99868513;0.295541656;0.746871416;0.445652174;492;1104;0.698410094;Test;C6_C12xgb
0.910479942;5.844415777;0.534030349;1.028173235;0.545454545;12;22;0.031533642;Moreira et al. (2023);C6_C12xgb
3.69357497;4.74350672;0.821331266;1.070907697;0.825170068;3639;4410;0.74576062;Arab-Alameddine et al. (2012);C6_C12xgb
0.002388483;4.585968755;0.272725324;0.755488702;0.426799758;1411;3306;0.668765901;CV10F;C6_C12rf
0.191429357;4.076520858;0.25833641;0.696474505;0.420289855;464;1104;0.689995282;Test;C6_C12rf
0.902532611;5.873804097;0.438636641;0.854384087;0.590909091;13;22;0.059740971;Moreira et al. (2023);C6_C12rf
3.633919722;4.860692629;0.745489431;0.952177245;0.82585034;3642;4410;0.730812046;Arab-Alameddine et al. (2012);C6_C12rf
-0.754333761;4.949048088;0.364163865;0.985513611;0.453720508;1500;3306;0.623247798;CV10F;C6_C12svm
-0.583797593;4.399217168;0.360628654;0.966942493;0.453804348;501;1104;0.639203707;Test;C6_C12svm
-0.306779516;5.947222643;0.210050004;0.713627036;0.454545455;10;22;0.060637922;Moreira et al. (2023);C6_C12svm
1.069233516;2.769077254;0.339443295;0.554868057;0.615419501;2714;4410;0.804559828;Arab-Alameddine et al. (2012);C6_C12svm
0.003436842;4.894793632;0.617030733;1.323522801;0.545674531;1804;3306;0.622537727;CV10F;C6_C12glmnet
0.170718035;4.355237048;0.611441142;1.301943256;0.53442029;590;1104;0.640607199;Test;C6_C12glmnet
0.460463848;5.966046771;0.392191971;0.872405205;0.454545455;10;22;0.05776935;Moreira et al. (2023);C6_C12glmnet
2.001928789;3.289693086;0.525363373;0.75799329;0.74829932;3300;4410;0.800291104;Arab-Alameddine et al. (2012);C6_C12glmnet
-0.010084419;5.234514164;0.450457472;1.09754057;0.486085904;1607;3306;0.568418951;CV10F;C8_C12xgb
0.124696416;4.667089168;0.431148679;1.038020696;0.473731884;523;1104;0.587417293;Test;C8_C12xgb
1.896547985;7.300811256;1.017788903;2.075382568;0.590909091;13;22;0.024186609;Moreira et al. (2023);C8_C12xgb
6.734248489;8.113479014;1.429453154;1.821662933;0.869614512;3835;4410;0.525939867;Arab-Alameddine et al. (2012);C8_C12xgb
-0.009054443;5.288080948;0.365549016;1.025343472;0.438898972;1451;3306;0.560033569;CV10F;C8_C12rf
0.209955035;4.678136635;0.357112113;0.961499611;0.453804348;501;1104;0.589108404;Test;C8_C12rf
1.856323017;6.985791569;0.855365573;1.570466676;0.590909091;13;22;0.000986131;Moreira et al. (2023);C8_C12rf
6.505429624;7.962757756;1.397058519;1.781876836;0.861678005;3800;4410;0.502025037;Arab-Alameddine et al. (2012);C8_C12rf
-0.839638551;6.111397729;0.46752372;1.240275576;0.460072595;1521;3306;0.442324572;CV10F;C8_C12svm
-0.838666592;5.26149623;0.446092274;1.202246604;0.44384058;490;1104;0.489019329;Test;C8_C12svm
0.014111251;6.34027576;0.506408948;1.256314618;0.454545455;10;22;1.44E-05;Moreira et al. (2023);C8_C12svm
4.127263585;6.430674546;0.801492001;1.054705614;0.803628118;3544;4410;0.655230376;Arab-Alameddine et al. (2012);C8_C12svm
0.000718476;5.884241085;0.904187972;1.903041899;0.567453116;1876;3306;0.454730477;CV10F;C8_C12glmnet
0.072546805;5.247065813;0.88400923;1.870488211;0.571557971;631;1104;0.482589919;Test;C8_C12glmnet
0.830524684;6.169695557;0.649153808;1.2919169;0.545454545;12;22;0.005060199;Moreira et al. (2023);C8_C12glmnet
3.471541252;4.893583516;0.84194748;1.156751358;0.818594104;3610;4410;0.69202999;Arab-Alameddine et al. (2012);C8_C12glmnet
